name,link
Site1CNRTL1.JPG,https://drive.google.com/uc?id=0B-moOb822JLXUnU4a1VHU2IzaHc&export=download
Site1CNTRL2.JPG,https://drive.google.com/uc?id=0B-moOb822JLXb2JmaFBWYVJPRlk&export=download
Site1EXP1.JPG,https://drive.google.com/uc?id=0B-moOb822JLXZ015d0kxZm01ZkE&export=download
Site1EXP2.JPG,https://drive.google.com/uc?id=0B-moOb822JLXNkZZUVB3WUMxZ1k&export=download
Site2CNTRL1.jpeg,https://drive.google.com/uc?id=0B-moOb822JLXQzdCSEJ5dy1aYkU&export=download
Site2CNTRL2.jpeg,https://drive.google.com/uc?id=0B-moOb822JLXM1A5ZE1BNEJmdUU&export=download
Site2EXP1.JPG,https://drive.google.com/uc?id=0B-moOb822JLXbzVDU2lNd0xFTG8&export=download
Site2EXP2.JPG,https://drive.google.com/uc?id=0B-moOb822JLXazVqcUVCc1ppNU0&export=download
Site3CNTRL1.jpeg,https://drive.google.com/uc?id=0B-moOb822JLXdFRPRlpNOGdiY1E&export=download
Site3CNTRL2.jpeg,https://drive.google.com/uc?id=0B-moOb822JLXN2hWZ0lFVldGX2c&export=download
Site3EXP1.jpeg,https://drive.google.com/uc?id=0B-moOb822JLXS0g5YzVKZGl3cEE&export=download
Site3EXP2.jpeg,https://drive.google.com/uc?id=0B-moOb822JLXMEVGMUNSQ0ZkVnM&export=download
Site4CNTRL1.jpeg,https://drive.google.com/uc?id=0B-moOb822JLXVHFuWF9vNS0wUHc&export=download
Site4CNTRL2.jpeg,https://drive.google.com/uc?id=0B-moOb822JLXSWhuWXNOaE42Nms&export=download
Site4EXP1.jpeg,https://drive.google.com/uc?id=0B-moOb822JLXRGxmblNEY0JFTXM&export=download
Site4EXP2.jpeg,https://drive.google.com/uc?id=0B-moOb822JLXTkxhSzdDaHZHN00&export=download
Site5CNTRL1.jpeg,https://drive.google.com/uc?id=0B-moOb822JLXSGtrbjREZFZ3ZzQ&export=download
Site5CNTRL2.jpeg,https://drive.google.com/uc?id=0B-moOb822JLXMXhIWFZSZnF1ajA&export=download
Site5EXP1.jpeg,https://drive.google.com/uc?id=0B-moOb822JLXLXdnNGlTaVBHcEk&export=download
Site5EXP2.jpeg,https://drive.google.com/uc?id=0B-moOb822JLXMXdrVmVsbWdXZ3M&export=download
